,client_id,filepath,group,label
1,2,face-station/17.01.18/002_01_003_2_81,train,attack/3D/flexiblemask
2,2,face-station/14.03.18/002_04_010_2_82,train,attack/3D/flexiblemask
3,2,face-station/14.03.18/002_04_010_2_13,train,attack/3D/rigidmask
4,2,face-station/14.03.18/002_04_010_2_81,train,attack/3D/flexiblemask
5,2,face-station/29.01.18/002_01_020_2_13,train,attack/3D/rigidmask
6,2,face-station/30.01.18/002_01_028_2_82,train,attack/3D/flexiblemask
7,2,face-station/31.01.18/002_01_034_2_81,train,attack/3D/flexiblemask
8,2,face-station/07.02.18/002_02_044_2_82,train,attack/3D/flexiblemask
9,2,face-station/01.02.18/002_01_000_0_00,train,bonafide
10,2,face-station/01.02.18/002_01_000_0_01,train,bonafide
11,2,face-station/02.02.18/002_01_056_2_82,train,attack/3D/flexiblemask
12,2,face-station/02.02.18/002_01_050_2_13,train,attack/3D/rigidmask
13,2,face-station/06.02.18/002_02_055_2_13,train,attack/3D/rigidmask
14,2,face-station/06.02.18/002_02_001_2_81,train,attack/3D/flexiblemask
15,2,face-station/06.02.18/002_02_018_2_82,train,attack/3D/flexiblemask
16,2,face-station/08.02.18/002_02_000_0_00,train,bonafide
17,2,face-station/08.02.18/002_02_000_0_01,train,bonafide
18,2,face-station/08.02.18/002_03_000_0_00,train,bonafide
19,2,face-station/08.02.18/002_03_000_0_01,train,bonafide
20,2,face-station/08.02.18/002_03_022_2_81,train,attack/3D/flexiblemask
21,2,face-station/09.02.18/002_02_000_2_82,train,attack/3D/flexiblemask
22,2,face-station/13.02.18/002_02_031_2_81,train,attack/3D/flexiblemask
23,2,face-station/13.02.18/002_03_047_2_81,train,attack/3D/flexiblemask
24,2,face-station/14.02.18/002_03_051_2_82,train,attack/3D/flexiblemask
25,2,face-station/19.02.18/002_02_000_2_13,train,attack/3D/rigidmask
26,2,face-station/19.02.18/002_02_000_2_81,train,attack/3D/flexiblemask
27,2,face-station/21.02.18/002_03_000_2_82,train,attack/3D/flexiblemask
28,2,face-station/21.02.18/002_03_020_2_13,train,attack/3D/rigidmask
29,2,face-station/21.02.18/002_03_000_2_13,train,attack/3D/rigidmask
30,2,face-station/22.02.18/002_03_044_2_13,train,attack/3D/rigidmask
31,2,face-station/22.02.18/002_03_000_2_81,train,attack/3D/flexiblemask
32,2,face-station/27.02.18/002_01_000_2_81,train,attack/3D/flexiblemask
33,2,face-station/27.02.18/002_01_000_2_82,train,attack/3D/flexiblemask
34,2,face-station/27.02.18/002_01_000_2_13,train,attack/3D/rigidmask
35,2,face-station/01.05.18/002_06_064_2_13,train,attack/3D/rigidmask
36,2,face-station/02.05.18/002_05_003_2_82,train,attack/3D/flexiblemask
37,2,face-station/03.05.18/002_07_064_2_82,train,attack/3D/flexiblemask
38,2,face-station/04.05.18/002_05_000_0_00,train,bonafide
39,2,face-station/04.05.18/002_05_000_0_01,train,bonafide
40,2,face-station/04.05.18/002_06_004_2_82,train,attack/3D/flexiblemask
41,2,face-station/07.05.18/002_07_000_2_82,train,attack/3D/flexiblemask
42,2,face-station/07.05.18/002_05_000_2_82,train,attack/3D/flexiblemask
43,2,face-station/07.05.18/002_06_000_2_82,train,attack/3D/flexiblemask
44,2,face-station/07.05.18/002_04_000_2_82,train,attack/3D/flexiblemask
45,2,face-station/07.05.18/002_06_000_0_00,train,bonafide
46,2,face-station/07.05.18/002_06_000_0_01,train,bonafide
47,2,face-station/08.05.18/002_07_000_0_00,train,bonafide
48,2,face-station/08.05.18/002_07_000_0_01,train,bonafide
49,2,face-station/15.05.18/002_05_019_2_13,train,attack/3D/rigidmask
50,2,face-station/22.05.18/002_06_018_2_81,train,attack/3D/flexiblemask
51,2,face-station/23.05.18/002_07_073_2_81,train,attack/3D/flexiblemask
52,2,face-station/23.05.18/002_07_073_2_13,train,attack/3D/rigidmask
53,2,face-station/23.05.18/002_05_073_2_81,train,attack/3D/flexiblemask
54,2,face-station/29.05.18/002_04_000_2_81,train,attack/3D/flexiblemask
55,2,face-station/29.05.18/002_05_000_2_81,train,attack/3D/flexiblemask
56,2,face-station/29.05.18/002_06_000_2_81,train,attack/3D/flexiblemask
57,2,face-station/29.05.18/002_07_000_2_81,train,attack/3D/flexiblemask
58,2,face-station/04.06.18/002_04_000_2_13,train,attack/3D/rigidmask
59,2,face-station/04.06.18/002_05_000_2_13,train,attack/3D/rigidmask
60,2,face-station/04.06.18/002_06_000_2_13,train,attack/3D/rigidmask
61,2,face-station/04.06.18/002_07_000_2_13,train,attack/3D/rigidmask
68,4,face-station/17.01.18/004_01_000_0_00,train,bonafide
69,4,face-station/07.02.18/004_02_000_0_00,train,bonafide
70,4,face-station/15.02.18/004_03_000_0_00,train,bonafide
71,4,face-station/04.05.18/004_06_000_0_00,train,bonafide
72,4,face-station/15.05.18/004_05_000_0_00,train,bonafide
73,4,face-station/16.05.18/004_07_000_0_00,train,bonafide
96,5,face-station/18.01.18/005_01_000_0_00,train,bonafide
97,5,face-station/18.01.18/005_01_000_0_01,train,bonafide
102,5,face-station/08.02.18/005_02_000_0_01,train,bonafide
103,5,face-station/08.02.18/005_02_000_0_00,train,bonafide
104,5,face-station/12.02.18/005_03_000_0_00,train,bonafide
105,5,face-station/12.02.18/005_03_000_0_01,train,bonafide
125,5,face-station/15.05.18/005_05_000_0_00,train,bonafide
126,5,face-station/15.05.18/005_05_000_0_01,train,bonafide
132,5,face-station/23.05.18/005_07_000_0_00,train,bonafide
133,5,face-station/23.05.18/005_07_000_0_01,train,bonafide
134,5,face-station/24.05.18/005_06_000_0_00,train,bonafide
135,5,face-station/24.05.18/005_06_000_0_01,train,bonafide
452,7,face-station/22.01.18/007_01_000_0_00,train,bonafide
453,7,face-station/22.01.18/007_01_000_0_01,train,bonafide
454,7,face-station/06.02.18/007_02_000_0_00,train,bonafide
455,7,face-station/06.02.18/007_02_000_0_01,train,bonafide
456,7,face-station/13.02.18/007_03_000_0_00,train,bonafide
457,7,face-station/13.02.18/007_03_000_0_01,train,bonafide
458,7,face-station/15.05.18/007_05_000_0_00,train,bonafide
459,7,face-station/15.05.18/007_05_000_0_01,train,bonafide
460,7,face-station/16.05.18/007_07_000_0_00,train,bonafide
461,7,face-station/16.05.18/007_07_000_0_01,train,bonafide
462,7,face-station/22.05.18/007_06_000_0_00,train,bonafide
463,7,face-station/22.05.18/007_06_000_0_01,train,bonafide
494,516,face-station/14.03.18/516_04_006_1_07,train,attack/3D/glasses
495,516,face-station/30.01.18/516_01_029_1_07,train,attack/3D/glasses
496,516,face-station/07.02.18/516_02_014_1_07,train,attack/3D/glasses
497,516,face-station/07.02.18/516_02_059_1_07,train,attack/3D/glasses
498,516,face-station/02.02.18/516_01_053_1_07,train,attack/3D/glasses
499,516,face-station/08.02.18/516_03_002_1_07,train,attack/3D/glasses
500,516,face-station/14.02.18/516_03_033_1_07,train,attack/3D/glasses
501,516,face-station/14.02.18/516_03_032_1_07,train,attack/3D/glasses
502,516,face-station/27.02.18/516_03_012_1_07,train,attack/3D/glasses
503,516,face-station/04.05.18/516_05_071_1_07,train,attack/3D/glasses
504,516,face-station/07.05.18/516_06_071_1_07,train,attack/3D/glasses
505,516,face-station/23.05.18/516_07_068_1_07,train,attack/3D/glasses
697,98,face-station/14.03.18/098_04_010_3_11,train,attack/2D/prints
698,98,face-station/14.03.18/098_04_010_3_12,train,attack/2D/prints
699,98,face-station/14.03.18/098_04_010_3_13,train,attack/2D/prints
700,98,face-station/14.03.18/098_04_010_3_14,train,attack/2D/prints
702,98,face-station/24.01.18/098_01_011_3_11,train,attack/2D/prints
707,98,face-station/15.03.18/098_04_000_3_11,train,attack/2D/prints
708,98,face-station/15.03.18/098_04_000_3_12,train,attack/2D/prints
709,98,face-station/15.03.18/098_04_000_3_13,train,attack/2D/prints
710,98,face-station/15.03.18/098_04_000_3_14,train,attack/2D/prints
722,98,face-station/29.01.18/098_01_023_3_12,train,attack/2D/prints
724,98,face-station/31.01.18/098_01_035_3_13,train,attack/2D/prints
725,98,face-station/07.02.18/098_02_033_3_14,train,attack/2D/prints
726,98,face-station/07.02.18/098_02_037_3_11,train,attack/2D/prints
728,98,face-station/07.02.18/098_02_063_3_12,train,attack/2D/prints
729,98,face-station/01.02.18/098_01_037_3_14,train,attack/2D/prints
730,98,face-station/01.02.18/098_01_039_3_11,train,attack/2D/prints
731,98,face-station/02.02.18/098_01_055_3_12,train,attack/2D/prints
733,98,face-station/02.02.18/098_01_058_3_12,train,attack/2D/prints
735,98,face-station/06.02.18/098_02_062_3_11,train,attack/2D/prints
736,98,face-station/06.02.18/098_02_007_3_11,train,attack/2D/prints
737,98,face-station/08.02.18/098_02_002_3_14,train,attack/2D/prints
739,98,face-station/08.02.18/098_02_047_3_12,train,attack/2D/prints
740,98,face-station/08.02.18/098_02_006_3_12,train,attack/2D/prints
741,98,face-station/08.02.18/098_02_032_3_14,train,attack/2D/prints
743,98,face-station/09.02.18/098_03_010_3_13,train,attack/2D/prints
744,98,face-station/09.02.18/098_03_049_3_14,train,attack/2D/prints
749,98,face-station/14.02.18/098_03_019_3_14,train,attack/2D/prints
750,98,face-station/14.02.18/098_03_018_3_12,train,attack/2D/prints
755,98,face-station/15.02.18/098_03_029_3_11,train,attack/2D/prints
757,98,face-station/19.02.18/098_02_000_3_11,train,attack/2D/prints
758,98,face-station/19.02.18/098_02_000_3_14,train,attack/2D/prints
759,98,face-station/19.02.18/098_02_000_3_12,train,attack/2D/prints
760,98,face-station/19.02.18/098_02_000_3_13,train,attack/2D/prints
761,98,face-station/16.02.18/098_03_043_3_12,train,attack/2D/prints
765,98,face-station/16.02.18/098_02_011_3_13,train,attack/2D/prints
774,98,face-station/22.02.18/098_03_000_3_11,train,attack/2D/prints
775,98,face-station/22.02.18/098_03_000_3_12,train,attack/2D/prints
776,98,face-station/22.02.18/098_03_000_3_13,train,attack/2D/prints
777,98,face-station/22.02.18/098_03_000_3_14,train,attack/2D/prints
802,98,face-station/28.02.18/098_01_062_3_14,train,attack/2D/prints
805,98,face-station/28.02.18/098_01_000_3_11,train,attack/2D/prints
806,98,face-station/28.02.18/098_01_000_3_12,train,attack/2D/prints
807,98,face-station/28.02.18/098_01_000_3_13,train,attack/2D/prints
808,98,face-station/28.02.18/098_01_000_3_14,train,attack/2D/prints
819,98,face-station/04.05.18/098_05_002_3_14,train,attack/2D/prints
820,98,face-station/04.05.18/098_05_002_3_13,train,attack/2D/prints
821,98,face-station/07.05.18/098_06_070_3_13,train,attack/2D/prints
826,98,face-station/15.05.18/098_05_018_3_11,train,attack/2D/prints
829,98,face-station/15.05.18/098_05_019_3_12,train,attack/2D/prints
832,98,face-station/16.05.18/098_07_069_3_13,train,attack/2D/prints
836,98,face-station/22.05.18/098_06_069_3_12,train,attack/2D/prints
837,98,face-station/22.05.18/098_06_068_3_14,train,attack/2D/prints
838,98,face-station/22.05.18/098_06_068_3_11,train,attack/2D/prints
841,98,face-station/23.05.18/098_07_006_3_11,train,attack/2D/prints
842,98,face-station/23.05.18/098_07_005_3_14,train,attack/2D/prints
843,98,face-station/23.05.18/098_07_005_3_12,train,attack/2D/prints
871,98,face-station/05.06.18/098_07_000_3_14,train,attack/2D/prints
872,98,face-station/05.06.18/098_05_000_3_11,train,attack/2D/prints
873,98,face-station/05.06.18/098_05_000_3_12,train,attack/2D/prints
874,98,face-station/05.06.18/098_05_000_3_13,train,attack/2D/prints
875,98,face-station/05.06.18/098_05_000_3_14,train,attack/2D/prints
876,98,face-station/05.06.18/098_06_000_3_14,train,attack/2D/prints
877,98,face-station/05.06.18/098_06_000_3_11,train,attack/2D/prints
878,98,face-station/05.06.18/098_06_000_3_12,train,attack/2D/prints
879,98,face-station/05.06.18/098_06_000_3_13,train,attack/2D/prints
880,98,face-station/05.06.18/098_07_000_3_11,train,attack/2D/prints
881,98,face-station/05.06.18/098_07_000_3_12,train,attack/2D/prints
882,98,face-station/05.06.18/098_07_000_3_13,train,attack/2D/prints
883,503,face-station/14.03.18/503_04_010_2_04,train,attack/3D/fakehead
884,503,face-station/31.01.18/503_01_019_2_04,train,attack/3D/fakehead
885,503,face-station/02.02.18/503_01_049_2_04,train,attack/3D/fakehead
886,503,face-station/06.02.18/503_02_003_2_04,train,attack/3D/fakehead
887,503,face-station/08.02.18/503_02_034_2_04,train,attack/3D/fakehead
888,503,face-station/09.02.18/503_02_000_2_04,train,attack/3D/fakehead
889,503,face-station/12.02.18/503_03_025_2_04,train,attack/3D/fakehead
890,503,face-station/13.02.18/503_03_046_2_04,train,attack/3D/fakehead
891,503,face-station/21.02.18/503_03_000_2_04,train,attack/3D/fakehead
892,503,face-station/27.02.18/503_01_000_2_04,train,attack/3D/fakehead
893,503,face-station/08.05.18/503_07_071_2_04,train,attack/3D/fakehead
894,503,face-station/15.05.18/503_05_004_2_04,train,attack/3D/fakehead
895,503,face-station/24.05.18/503_06_014_2_04,train,attack/3D/fakehead
896,503,face-station/29.05.18/503_06_000_2_04,train,attack/3D/fakehead
897,503,face-station/30.05.18/503_07_000_2_04,train,attack/3D/fakehead
898,503,face-station/30.05.18/503_05_000_2_04,train,attack/3D/fakehead
899,503,face-station/30.05.18/503_04_000_2_04,train,attack/3D/fakehead
935,506,face-station/14.03.18/506_04_010_2_07,train,attack/3D/fakehead
936,506,face-station/24.01.18/506_01_001_2_07,train,attack/3D/fakehead
937,506,face-station/30.01.18/506_01_031_2_07,train,attack/3D/fakehead
938,506,face-station/06.02.18/506_02_015_2_07,train,attack/3D/fakehead
939,506,face-station/06.02.18/506_02_061_2_07,train,attack/3D/fakehead
940,506,face-station/09.02.18/506_02_060_2_07,train,attack/3D/fakehead
941,506,face-station/09.02.18/506_02_000_2_07,train,attack/3D/fakehead
942,506,face-station/12.02.18/506_03_025_2_07,train,attack/3D/fakehead
943,506,face-station/12.02.18/506_03_035_2_07,train,attack/3D/fakehead
944,506,face-station/15.02.18/506_03_004_2_07,train,attack/3D/fakehead
945,506,face-station/21.02.18/506_03_000_2_07,train,attack/3D/fakehead
946,506,face-station/27.02.18/506_01_000_2_07,train,attack/3D/fakehead
947,506,face-station/03.05.18/506_07_064_2_07,train,attack/3D/fakehead
948,506,face-station/04.05.18/506_05_070_2_07,train,attack/3D/fakehead
949,506,face-station/23.05.18/506_06_019_2_07,train,attack/3D/fakehead
950,506,face-station/29.05.18/506_06_000_2_07,train,attack/3D/fakehead
951,506,face-station/30.05.18/506_05_000_2_07,train,attack/3D/fakehead
952,506,face-station/30.05.18/506_07_000_2_07,train,attack/3D/fakehead
953,506,face-station/30.05.18/506_04_000_2_07,train,attack/3D/fakehead
1136,501,face-station/14.03.18/501_04_010_2_02,train,attack/3D/fakehead
1137,501,face-station/26.01.18/501_01_017_2_02,train,attack/3D/fakehead
1138,501,face-station/31.01.18/501_01_032_2_02,train,attack/3D/fakehead
1139,501,face-station/07.02.18/501_02_036_2_02,train,attack/3D/fakehead
1140,501,face-station/01.02.18/501_01_045_2_02,train,attack/3D/fakehead
1141,501,face-station/08.02.18/501_02_005_2_02,train,attack/3D/fakehead
1142,501,face-station/09.02.18/501_02_000_2_02,train,attack/3D/fakehead
1143,501,face-station/14.02.18/501_03_053_2_02,train,attack/3D/fakehead
1144,501,face-station/21.02.18/501_03_000_2_02,train,attack/3D/fakehead
1145,501,face-station/27.02.18/501_01_000_2_02,train,attack/3D/fakehead
1146,501,face-station/22.05.18/501_05_068_2_02,train,attack/3D/fakehead
1147,501,face-station/22.05.18/501_06_068_2_02,train,attack/3D/fakehead
1148,501,face-station/23.05.18/501_07_072_2_02,train,attack/3D/fakehead
1149,501,face-station/29.05.18/501_06_000_2_02,train,attack/3D/fakehead
1150,501,face-station/30.05.18/501_07_000_2_02,train,attack/3D/fakehead
1151,501,face-station/30.05.18/501_05_000_2_02,train,attack/3D/fakehead
1152,501,face-station/30.05.18/501_04_000_2_02,train,attack/3D/fakehead
1186,513,face-station/14.03.18/513_04_006_1_04,train,attack/3D/glasses
1187,513,face-station/29.01.18/513_01_020_1_04,train,attack/3D/glasses
1188,513,face-station/07.02.18/513_02_030_1_04,train,attack/3D/glasses
1189,513,face-station/02.02.18/513_01_050_1_04,train,attack/3D/glasses
1190,513,face-station/06.02.18/513_02_058_1_04,train,attack/3D/glasses
1191,513,face-station/12.02.18/513_03_009_1_04,train,attack/3D/glasses
1192,513,face-station/20.04.18/513_06_066_1_04,train,attack/3D/glasses
1193,513,face-station/02.05.18/513_05_003_1_04,train,attack/3D/glasses
1194,513,face-station/16.05.18/513_07_007_1_04,train,attack/3D/glasses
1204,515,face-station/14.03.18/515_04_006_1_06,train,attack/3D/glasses
1205,515,face-station/29.01.18/515_01_021_1_06,train,attack/3D/glasses
1206,515,face-station/02.02.18/515_01_048_1_06,train,attack/3D/glasses
1207,515,face-station/06.02.18/515_02_046_1_06,train,attack/3D/glasses
1208,515,face-station/09.02.18/515_02_013_1_06,train,attack/3D/glasses
1209,515,face-station/12.02.18/515_03_005_1_06,train,attack/3D/glasses
1210,515,face-station/13.02.18/515_03_055_1_06,train,attack/3D/glasses
1211,515,face-station/15.05.18/515_05_006_1_06,train,attack/3D/glasses
1212,515,face-station/24.05.18/515_06_014_1_06,train,attack/3D/glasses
1213,515,face-station/25.05.18/515_07_014_1_06,train,attack/3D/glasses
1252,14,face-station/24.01.18/014_01_000_0_00,train,bonafide
1253,14,face-station/07.02.18/014_02_000_0_00,train,bonafide
1254,14,face-station/15.02.18/014_03_000_0_00,train,bonafide
1255,14,face-station/24.05.18/014_05_000_0_00,train,bonafide
1256,14,face-station/24.05.18/014_06_000_0_00,train,bonafide
1257,14,face-station/25.05.18/014_07_000_0_00,train,bonafide
1258,14,face-station/25.05.18/014_07_000_0_02,train,bonafide
1286,15,face-station/25.01.18/015_01_000_0_00,train,bonafide
1287,15,face-station/25.01.18/015_01_000_0_02,train,bonafide
1288,15,face-station/06.02.18/015_02_000_0_00,train,bonafide
1289,15,face-station/12.02.18/015_03_000_0_00,train,bonafide
1299,21,face-station/29.01.18/021_01_000_0_00,train,bonafide
1300,21,face-station/06.02.18/021_02_000_0_00,train,bonafide
1301,21,face-station/12.02.18/021_03_000_0_00,train,bonafide
1312,28,face-station/30.01.18/028_01_000_0_00,train,bonafide
1313,28,face-station/30.01.18/028_01_000_0_01,train,bonafide
1314,28,face-station/07.02.18/028_02_000_0_00,train,bonafide
1315,28,face-station/07.02.18/028_02_000_0_01,train,bonafide
1316,28,face-station/07.02.18/028_03_000_0_00,train,bonafide
1317,28,face-station/07.02.18/028_03_000_0_01,train,bonafide
1337,29,face-station/30.01.18/029_01_000_0_00,train,bonafide
1338,29,face-station/30.01.18/029_01_000_0_01,train,bonafide
1339,29,face-station/07.02.18/029_02_000_0_00,train,bonafide
1340,29,face-station/07.02.18/029_02_000_0_01,train,bonafide
1341,29,face-station/15.02.18/029_03_000_0_00,train,bonafide
1342,29,face-station/15.02.18/029_03_000_0_01,train,bonafide
1343,34,face-station/31.01.18/034_01_000_0_00,train,bonafide
1344,34,face-station/08.02.18/034_02_000_0_00,train,bonafide
1345,34,face-station/08.02.18/034_03_000_0_00,train,bonafide
1358,32,face-station/31.01.18/032_01_000_0_00,train,bonafide
1359,32,face-station/31.01.18/032_01_000_0_01,train,bonafide
1360,32,face-station/08.02.18/032_02_000_0_00,train,bonafide
1361,32,face-station/08.02.18/032_02_000_0_01,train,bonafide
1362,32,face-station/14.02.18/032_03_000_0_00,train,bonafide
1363,37,face-station/07.02.18/037_02_000_0_00,train,bonafide
1364,37,face-station/01.02.18/037_01_000_0_00,train,bonafide
1365,37,face-station/13.02.18/037_03_000_0_00,train,bonafide
1372,45,face-station/07.02.18/045_02_000_0_00,train,bonafide
1373,45,face-station/01.02.18/045_01_000_0_00,train,bonafide
1374,45,face-station/15.02.18/045_03_000_0_00,train,bonafide
1389,38,face-station/01.02.18/038_01_000_0_00,train,bonafide
1390,38,face-station/08.02.18/038_02_000_0_00,train,bonafide
1391,38,face-station/14.02.18/038_03_000_0_00,train,bonafide
1392,38,face-station/01.05.18/038_05_000_0_00,train,bonafide
1393,38,face-station/04.05.18/038_06_000_0_00,train,bonafide
1394,38,face-station/07.05.18/038_07_000_0_00,train,bonafide
1395,40,face-station/01.02.18/040_01_000_0_00,train,bonafide
1396,40,face-station/01.02.18/040_01_000_0_02,train,bonafide
1397,41,face-station/01.02.18/041_01_000_0_00,train,bonafide
1398,41,face-station/01.02.18/041_01_000_0_01,train,bonafide
1406,46,face-station/01.02.18/046_01_000_0_00,train,bonafide
1407,46,face-station/06.02.18/046_02_000_0_00,train,bonafide
1408,46,face-station/06.02.18/046_02_000_0_02,train,bonafide
1409,46,face-station/13.02.18/046_03_000_0_00,train,bonafide
1418,54,face-station/02.02.18/054_01_000_0_00,train,bonafide
1419,54,face-station/08.02.18/054_02_000_0_00,train,bonafide
1420,54,face-station/08.02.18/054_03_000_0_00,train,bonafide
1435,61,face-station/02.02.18/061_01_000_0_00,train,bonafide
1436,61,face-station/06.02.18/061_02_000_0_00,train,bonafide
1437,61,face-station/14.02.18/061_03_000_0_00,train,bonafide
1452,62,face-station/06.02.18/062_02_000_0_01,train,bonafide
1453,62,face-station/06.02.18/062_02_000_0_00,train,bonafide
1454,62,face-station/12.02.18/062_03_000_0_01,train,bonafide
1455,62,face-station/12.02.18/062_03_000_0_00,train,bonafide
1456,62,face-station/28.02.18/062_01_000_0_01,train,bonafide
1457,62,face-station/28.02.18/062_01_000_0_00,train,bonafide
1493,533,face-station/11.04.18/533_01_003_1_14,train,attack/3D/rigidmask
1494,533,face-station/11.04.18/533_01_004_1_14,train,attack/3D/rigidmask
1495,533,face-station/11.04.18/533_04_019_1_14,train,attack/3D/rigidmask
1496,533,face-station/20.04.18/533_05_066_1_14,train,attack/3D/rigidmask
1497,533,face-station/24.04.18/533_07_067_1_14,train,attack/3D/rigidmask
1498,533,face-station/03.05.18/533_06_003_1_14,train,attack/3D/rigidmask
1499,533,face-station/24.05.18/533_06_008_1_14,train,attack/3D/rigidmask
1500,533,face-station/25.06.18/533_07_019_1_14,train,attack/3D/rigidmask
1501,533,face-station/25.06.18/533_05_004_1_14,train,attack/3D/rigidmask
1502,533,face-station/25.06.18/533_06_018_1_14,train,attack/3D/rigidmask
1673,64,face-station/30.04.18/064_05_000_0_00,train,bonafide
1674,64,face-station/01.05.18/064_06_000_0_00,train,bonafide
1675,64,face-station/03.05.18/064_07_000_0_00,train,bonafide
1676,64,face-station/28.06.18/064_04_007_2_75,train,attack/3D/flexiblemask
1677,64,face-station/28.06.18/064_06_000_2_75,train,attack/3D/flexiblemask
1678,64,face-station/28.06.18/064_04_000_2_75,train,attack/3D/flexiblemask
1679,64,face-station/28.06.18/064_01_003_2_75,train,attack/3D/flexiblemask
1680,64,face-station/28.06.18/064_06_003_2_75,train,attack/3D/flexiblemask
1681,64,face-station/28.06.18/064_01_000_2_75,train,attack/3D/flexiblemask
1682,64,face-station/28.06.18/064_05_000_2_75,train,attack/3D/flexiblemask
1683,64,face-station/28.06.18/064_07_000_2_75,train,attack/3D/flexiblemask
1684,64,face-station/02.07.18/064_05_064_2_75,train,attack/3D/flexiblemask
1685,64,face-station/02.07.18/064_07_007_2_75,train,attack/3D/flexiblemask
1686,64,face-station/03.07.18/064_06_064_2_75,train,attack/3D/flexiblemask
1687,64,face-station/04.07.18/064_05_073_2_75,train,attack/3D/flexiblemask
1688,64,face-station/05.07.18/064_07_073_2_75,train,attack/3D/flexiblemask
1689,106,face-station/30.04.18/106_05_064_2_95,train,attack/3D/flexiblemask
1690,106,face-station/01.05.18/106_05_065_2_99,train,attack/3D/flexiblemask
1691,106,face-station/04.05.18/106_07_003_2_99,train,attack/3D/flexiblemask
1692,106,face-station/04.05.18/106_06_038_2_99,train,attack/3D/flexiblemask
1693,106,face-station/07.05.18/106_06_002_2_95,train,attack/3D/flexiblemask
1694,106,face-station/16.05.18/106_07_004_2_95,train,attack/3D/flexiblemask
1695,106,face-station/28.05.18/106_07_000_2_95,train,attack/3D/flexiblemask
1696,106,face-station/28.05.18/106_07_000_2_99,train,attack/3D/flexiblemask
1697,106,face-station/28.05.18/106_06_000_2_99,train,attack/3D/flexiblemask
1698,106,face-station/28.05.18/106_05_000_2_99,train,attack/3D/flexiblemask
1699,106,face-station/28.05.18/106_04_000_2_99,train,attack/3D/flexiblemask
1700,106,face-station/29.05.18/106_04_000_2_95,train,attack/3D/flexiblemask
1701,106,face-station/29.05.18/106_05_000_2_95,train,attack/3D/flexiblemask
1702,106,face-station/29.05.18/106_06_000_2_95,train,attack/3D/flexiblemask
1703,106,face-station/06.06.18/106_04_018_2_95,train,attack/3D/flexiblemask
1704,106,face-station/06.06.18/106_04_018_2_99,train,attack/3D/flexiblemask
1705,106,face-station/22.06.18/106_01_000_2_95,train,attack/3D/flexiblemask
1706,106,face-station/22.06.18/106_01_000_2_99,train,attack/3D/flexiblemask
1707,106,face-station/25.06.18/106_07_019_2_95,train,attack/3D/flexiblemask
1708,106,face-station/25.06.18/106_07_019_2_99,train,attack/3D/flexiblemask
1709,106,face-station/25.06.18/106_05_004_2_95,train,attack/3D/flexiblemask
1710,106,face-station/25.06.18/106_05_004_2_99,train,attack/3D/flexiblemask
1711,106,face-station/25.06.18/106_06_018_2_95,train,attack/3D/flexiblemask
1712,106,face-station/25.06.18/106_06_018_2_99,train,attack/3D/flexiblemask
1713,106,face-station/25.06.18/106_01_006_2_95,train,attack/3D/flexiblemask
1714,106,face-station/25.06.18/106_01_006_2_99,train,attack/3D/flexiblemask
1741,104,face-station/30.04.18/104_05_064_2_93,train,attack/3D/flexiblemask
1742,104,face-station/01.05.18/104_05_065_2_97,train,attack/3D/flexiblemask
1743,104,face-station/04.05.18/104_06_038_2_97,train,attack/3D/flexiblemask
1744,104,face-station/04.05.18/104_07_003_2_97,train,attack/3D/flexiblemask
1745,104,face-station/07.05.18/104_06_002_2_93,train,attack/3D/flexiblemask
1746,104,face-station/16.05.18/104_07_004_2_93,train,attack/3D/flexiblemask
1747,104,face-station/28.05.18/104_06_000_2_97,train,attack/3D/flexiblemask
1748,104,face-station/28.05.18/104_05_000_2_97,train,attack/3D/flexiblemask
1749,104,face-station/28.05.18/104_07_000_2_97,train,attack/3D/flexiblemask
1750,104,face-station/28.05.18/104_04_000_2_97,train,attack/3D/flexiblemask
1751,104,face-station/28.05.18/104_07_000_2_93,train,attack/3D/flexiblemask
1752,104,face-station/29.05.18/104_04_000_2_93,train,attack/3D/flexiblemask
1753,104,face-station/29.05.18/104_05_000_2_93,train,attack/3D/flexiblemask
1754,104,face-station/29.05.18/104_06_000_2_93,train,attack/3D/flexiblemask
1755,104,face-station/06.06.18/104_04_018_2_93,train,attack/3D/flexiblemask
1756,104,face-station/06.06.18/104_04_018_2_97,train,attack/3D/flexiblemask
1757,104,face-station/22.06.18/104_01_000_2_97,train,attack/3D/flexiblemask
1758,104,face-station/22.06.18/104_01_000_2_93,train,attack/3D/flexiblemask
1759,104,face-station/25.06.18/104_07_019_2_93,train,attack/3D/flexiblemask
1760,104,face-station/25.06.18/104_07_019_2_97,train,attack/3D/flexiblemask
1761,104,face-station/25.06.18/104_05_004_2_93,train,attack/3D/flexiblemask
1762,104,face-station/25.06.18/104_05_004_2_97,train,attack/3D/flexiblemask
1763,104,face-station/25.06.18/104_06_018_2_93,train,attack/3D/flexiblemask
1764,104,face-station/25.06.18/104_06_018_2_97,train,attack/3D/flexiblemask
1765,104,face-station/25.06.18/104_01_006_2_93,train,attack/3D/flexiblemask
1766,104,face-station/25.06.18/104_01_006_2_97,train,attack/3D/flexiblemask
1793,65,face-station/01.05.18/065_07_000_0_00,train,bonafide
1794,65,face-station/01.05.18/065_05_000_0_00,train,bonafide
1795,65,face-station/01.05.18/065_06_000_0_00,train,bonafide
1886,69,face-station/15.05.18/069_05_000_0_00,train,bonafide
1887,69,face-station/15.05.18/069_05_000_0_02,train,bonafide
1888,69,face-station/16.05.18/069_07_000_0_00,train,bonafide
1889,69,face-station/22.05.18/069_06_000_0_00,train,bonafide
1890,68,face-station/22.05.18/068_05_000_0_00,train,bonafide
1891,68,face-station/22.05.18/068_05_000_0_01,train,bonafide
1892,68,face-station/22.05.18/068_06_000_0_00,train,bonafide
1893,68,face-station/22.05.18/068_06_000_0_01,train,bonafide
1894,68,face-station/23.05.18/068_07_000_0_00,train,bonafide
1895,68,face-station/23.05.18/068_07_000_0_01,train,bonafide
1931,108,face-station/28.06.18/108_01_003_2_77,train,attack/3D/flexiblemask
1932,108,face-station/28.06.18/108_04_007_2_77,train,attack/3D/flexiblemask
1933,108,face-station/28.06.18/108_06_000_2_77,train,attack/3D/flexiblemask
1934,108,face-station/28.06.18/108_06_003_2_77,train,attack/3D/flexiblemask
1935,108,face-station/28.06.18/108_04_000_2_77,train,attack/3D/flexiblemask
1936,108,face-station/28.06.18/108_01_000_2_77,train,attack/3D/flexiblemask
1937,108,face-station/28.06.18/108_05_000_2_77,train,attack/3D/flexiblemask
1938,108,face-station/28.06.18/108_07_000_2_77,train,attack/3D/flexiblemask
1939,108,face-station/02.07.18/108_07_007_2_77,train,attack/3D/flexiblemask
1940,108,face-station/02.07.18/108_05_064_2_77,train,attack/3D/flexiblemask
1941,108,face-station/03.07.18/108_06_064_2_77,train,attack/3D/flexiblemask
1942,108,face-station/04.07.18/108_05_073_2_77,train,attack/3D/flexiblemask
1943,108,face-station/05.07.18/108_07_073_2_77,train,attack/3D/flexiblemask
62,3,face-station/17.01.18/003_01_000_0_00,dev,bonafide
63,3,face-station/06.02.18/003_02_000_0_00,dev,bonafide
64,3,face-station/14.02.18/003_03_000_0_00,dev,bonafide
65,3,face-station/02.05.18/003_05_000_0_00,dev,bonafide
66,3,face-station/03.05.18/003_06_000_0_00,dev,bonafide
67,3,face-station/04.05.18/003_07_000_0_00,dev,bonafide
142,18,face-station/18.01.18/018_01_000_0_00,dev,bonafide
143,18,face-station/23.01.18/018_01_009_2_86,dev,attack/3D/flexiblemask
144,18,face-station/14.03.18/018_04_010_3_06,dev,attack/2D/prints
145,18,face-station/14.03.18/018_04_010_3_07,dev,attack/2D/prints
146,18,face-station/14.03.18/018_04_010_3_08,dev,attack/2D/prints
147,18,face-station/14.03.18/018_04_010_3_09,dev,attack/2D/prints
148,18,face-station/14.03.18/018_04_010_2_86,dev,attack/3D/flexiblemask
150,18,face-station/14.03.18/018_04_010_2_16,dev,attack/3D/rigidmask
151,18,face-station/24.01.18/018_01_013_3_06,dev,attack/2D/prints
152,18,face-station/26.01.18/018_01_008_3_09,dev,attack/2D/prints
154,18,face-station/15.03.18/018_04_000_3_06,dev,attack/2D/prints
155,18,face-station/15.03.18/018_04_000_3_07,dev,attack/2D/prints
156,18,face-station/15.03.18/018_04_000_3_08,dev,attack/2D/prints
157,18,face-station/15.03.18/018_04_000_3_09,dev,attack/2D/prints
158,18,face-station/29.01.18/018_01_024_3_07,dev,attack/2D/prints
159,18,face-station/29.01.18/018_01_022_2_16,dev,attack/3D/rigidmask
160,18,face-station/30.01.18/018_01_026_3_08,dev,attack/2D/prints
161,18,face-station/31.01.18/018_01_032_3_06,dev,attack/2D/prints
163,18,face-station/07.02.18/018_02_028_3_06,dev,attack/2D/prints
164,18,face-station/07.02.18/018_02_029_3_08,dev,attack/2D/prints
166,18,face-station/07.02.18/018_02_056_2_16,dev,attack/3D/rigidmask
167,18,face-station/07.02.18/018_02_059_2_86,dev,attack/3D/flexiblemask
168,18,face-station/01.02.18/018_01_041_2_86,dev,attack/3D/flexiblemask
169,18,face-station/01.02.18/018_01_038_3_09,dev,attack/2D/prints
171,18,face-station/02.02.18/018_01_047_2_16,dev,attack/3D/rigidmask
172,18,face-station/02.02.18/018_01_052_3_08,dev,attack/2D/prints
173,18,face-station/02.02.18/018_01_054_3_07,dev,attack/2D/prints
175,18,face-station/02.02.18/018_01_060_2_16,dev,attack/3D/rigidmask
176,18,face-station/06.02.18/018_02_025_2_86,dev,attack/3D/flexiblemask
177,18,face-station/06.02.18/018_02_010_3_09,dev,attack/2D/prints
178,18,face-station/06.02.18/018_02_000_0_00,dev,bonafide
179,18,face-station/08.02.18/018_02_053_3_06,dev,attack/2D/prints
181,18,face-station/08.02.18/018_02_047_3_07,dev,attack/2D/prints
182,18,face-station/08.02.18/018_02_022_3_07,dev,attack/2D/prints
183,18,face-station/08.02.18/018_03_022_3_07,dev,attack/2D/prints
184,18,face-station/09.02.18/018_03_060_3_09,dev,attack/2D/prints
185,18,face-station/09.02.18/018_02_051_2_16,dev,attack/3D/rigidmask
186,18,face-station/12.02.18/018_03_015_3_09,dev,attack/2D/prints
187,18,face-station/12.02.18/018_03_009_3_08,dev,attack/2D/prints
191,18,face-station/14.02.18/018_03_053_3_06,dev,attack/2D/prints
192,18,face-station/14.02.18/018_03_038_2_86,dev,attack/3D/flexiblemask
193,18,face-station/14.02.18/018_03_017_3_07,dev,attack/2D/prints
194,18,face-station/14.02.18/018_03_008_2_16,dev,attack/3D/rigidmask
195,18,face-station/14.02.18/018_03_061_3_09,dev,attack/2D/prints
196,18,face-station/14.02.18/018_03_000_0_00,dev,bonafide
197,18,face-station/14.02.18/018_03_018_2_16,dev,attack/3D/rigidmask
198,18,face-station/15.02.18/018_03_045_2_16,dev,attack/3D/rigidmask
199,18,face-station/15.02.18/018_03_045_3_07,dev,attack/2D/prints
200,18,face-station/19.02.18/018_02_000_2_16,dev,attack/3D/rigidmask
201,18,face-station/19.02.18/018_02_000_2_86,dev,attack/3D/flexiblemask
202,18,face-station/19.02.18/018_02_000_3_06,dev,attack/2D/prints
203,18,face-station/19.02.18/018_02_000_3_07,dev,attack/2D/prints
204,18,face-station/19.02.18/018_02_000_3_08,dev,attack/2D/prints
205,18,face-station/19.02.18/018_02_000_3_09,dev,attack/2D/prints
206,18,face-station/21.02.18/018_03_000_2_16,dev,attack/3D/rigidmask
207,18,face-station/22.02.18/018_03_000_3_07,dev,attack/2D/prints
208,18,face-station/22.02.18/018_03_000_3_08,dev,attack/2D/prints
209,18,face-station/22.02.18/018_03_000_3_09,dev,attack/2D/prints
210,18,face-station/22.02.18/018_03_000_2_86,dev,attack/3D/flexiblemask
211,18,face-station/22.02.18/018_03_000_3_06,dev,attack/2D/prints
214,18,face-station/27.02.18/018_01_000_2_86,dev,attack/3D/flexiblemask
215,18,face-station/27.02.18/018_01_000_2_16,dev,attack/3D/rigidmask
216,18,face-station/28.02.18/018_01_000_3_06,dev,attack/2D/prints
217,18,face-station/28.02.18/018_01_000_3_07,dev,attack/2D/prints
218,18,face-station/28.02.18/018_01_000_3_08,dev,attack/2D/prints
219,18,face-station/28.02.18/018_01_000_3_09,dev,attack/2D/prints
221,18,face-station/20.04.18/018_05_066_2_16,dev,attack/3D/rigidmask
222,18,face-station/01.05.18/018_05_038_3_07,dev,attack/2D/prints
223,18,face-station/03.05.18/018_07_064_3_07,dev,attack/2D/prints
224,18,face-station/04.05.18/018_05_070_3_09,dev,attack/2D/prints
226,18,face-station/07.05.18/018_06_070_3_08,dev,attack/2D/prints
227,18,face-station/15.05.18/018_05_000_0_00,dev,bonafide
228,18,face-station/15.05.18/018_05_000_0_01,dev,bonafide
229,18,face-station/15.05.18/018_05_018_3_08,dev,attack/2D/prints
231,18,face-station/15.05.18/018_05_007_2_86,dev,attack/3D/flexiblemask
232,18,face-station/16.05.18/018_07_069_3_08,dev,attack/2D/prints
233,18,face-station/16.05.18/018_07_069_2_86,dev,attack/3D/flexiblemask
234,18,face-station/22.05.18/018_06_069_3_06,dev,attack/2D/prints
236,18,face-station/22.05.18/018_06_000_0_00,dev,bonafide
237,18,face-station/23.05.18/018_05_072_3_06,dev,attack/2D/prints
238,18,face-station/23.05.18/018_06_072_3_09,dev,attack/2D/prints
239,18,face-station/23.05.18/018_06_072_3_07,dev,attack/2D/prints
240,18,face-station/23.05.18/018_07_072_3_06,dev,attack/2D/prints
241,18,face-station/23.05.18/018_07_000_0_00,dev,bonafide
242,18,face-station/23.05.18/018_07_073_3_09,dev,attack/2D/prints
243,18,face-station/24.05.18/018_06_008_2_86,dev,attack/3D/flexiblemask
244,18,face-station/24.05.18/018_06_014_2_16,dev,attack/3D/rigidmask
245,18,face-station/29.05.18/018_04_000_2_86,dev,attack/3D/flexiblemask
246,18,face-station/29.05.18/018_05_000_2_86,dev,attack/3D/flexiblemask
247,18,face-station/29.05.18/018_06_000_2_86,dev,attack/3D/flexiblemask
248,18,face-station/29.05.18/018_07_000_2_86,dev,attack/3D/flexiblemask
249,18,face-station/04.06.18/018_04_000_2_16,dev,attack/3D/rigidmask
250,18,face-station/04.06.18/018_05_000_2_16,dev,attack/3D/rigidmask
251,18,face-station/04.06.18/018_06_000_2_16,dev,attack/3D/rigidmask
252,18,face-station/04.06.18/018_07_000_2_16,dev,attack/3D/rigidmask
256,18,face-station/05.06.18/018_05_000_3_06,dev,attack/2D/prints
257,18,face-station/05.06.18/018_05_000_3_07,dev,attack/2D/prints
258,18,face-station/05.06.18/018_05_000_3_08,dev,attack/2D/prints
259,18,face-station/05.06.18/018_05_000_3_09,dev,attack/2D/prints
260,18,face-station/05.06.18/018_06_000_3_06,dev,attack/2D/prints
261,18,face-station/05.06.18/018_06_000_3_07,dev,attack/2D/prints
262,18,face-station/05.06.18/018_06_000_3_08,dev,attack/2D/prints
263,18,face-station/05.06.18/018_06_000_3_09,dev,attack/2D/prints
264,18,face-station/05.06.18/018_07_000_3_06,dev,attack/2D/prints
265,18,face-station/05.06.18/018_07_000_3_07,dev,attack/2D/prints
266,18,face-station/05.06.18/018_07_000_3_08,dev,attack/2D/prints
267,18,face-station/05.06.18/018_07_000_3_09,dev,attack/2D/prints
268,18,face-station/12.06.18/018_07_003_2_16,dev,attack/3D/rigidmask
269,19,face-station/18.01.18/019_01_005_2_17,dev,attack/3D/rigidmask
271,19,face-station/14.03.18/019_04_010_2_87,dev,attack/3D/flexiblemask
272,19,face-station/14.03.18/019_04_007_2_90,dev,attack/3D/flexiblemask
273,19,face-station/14.03.18/019_04_010_2_17,dev,attack/3D/rigidmask
274,19,face-station/24.01.18/019_01_013_2_87,dev,attack/3D/flexiblemask
275,19,face-station/24.01.18/019_01_014_2_90,dev,attack/3D/flexiblemask
288,19,face-station/31.01.18/019_01_000_0_00,dev,bonafide
289,19,face-station/31.01.18/019_01_000_0_01,dev,bonafide
290,19,face-station/31.01.18/019_01_036_2_17,dev,attack/3D/rigidmask
291,19,face-station/01.02.18/019_01_043_2_87,dev,attack/3D/flexiblemask
292,19,face-station/02.02.18/019_01_061_2_17,dev,attack/3D/rigidmask
293,19,face-station/06.02.18/019_02_001_2_87,dev,attack/3D/flexiblemask
294,19,face-station/06.02.18/019_02_025_2_17,dev,attack/3D/rigidmask
295,19,face-station/08.02.18/019_03_052_2_90,dev,attack/3D/flexiblemask
296,19,face-station/08.02.18/019_02_000_0_00,dev,bonafide
297,19,face-station/08.02.18/019_02_000_0_01,dev,bonafide
298,19,face-station/08.02.18/019_03_022_2_90,dev,attack/3D/flexiblemask
299,19,face-station/08.02.18/019_02_022_2_90,dev,attack/3D/flexiblemask
300,19,face-station/09.02.18/019_02_000_2_90,dev,attack/3D/flexiblemask
301,19,face-station/12.02.18/019_03_025_2_17,dev,attack/3D/rigidmask
302,19,face-station/12.02.18/019_03_026_2_90,dev,attack/3D/flexiblemask
303,19,face-station/13.02.18/019_02_031_2_87,dev,attack/3D/flexiblemask
304,19,face-station/13.02.18/019_03_042_2_87,dev,attack/3D/flexiblemask
308,19,face-station/14.02.18/019_03_011_2_87,dev,attack/3D/flexiblemask
310,19,face-station/14.02.18/019_03_000_0_00,dev,bonafide
311,19,face-station/14.02.18/019_03_000_0_01,dev,bonafide
315,19,face-station/19.02.18/019_02_000_2_17,dev,attack/3D/rigidmask
316,19,face-station/19.02.18/019_02_000_2_87,dev,attack/3D/flexiblemask
326,19,face-station/21.02.18/019_03_000_2_90,dev,attack/3D/flexiblemask
327,19,face-station/21.02.18/019_03_000_2_17,dev,attack/3D/rigidmask
328,19,face-station/22.02.18/019_03_000_2_87,dev,attack/3D/flexiblemask
349,19,face-station/27.02.18/019_01_000_2_87,dev,attack/3D/flexiblemask
353,19,face-station/27.02.18/019_01_000_2_17,dev,attack/3D/rigidmask
354,19,face-station/27.02.18/019_01_000_2_90,dev,attack/3D/flexiblemask
366,19,face-station/01.05.18/019_07_065_2_90,dev,attack/3D/flexiblemask
367,19,face-station/01.05.18/019_05_038_2_90,dev,attack/3D/flexiblemask
368,19,face-station/01.05.18/019_06_064_2_90,dev,attack/3D/flexiblemask
369,19,face-station/02.05.18/019_05_003_2_17,dev,attack/3D/rigidmask
372,19,face-station/07.05.18/019_06_070_2_17,dev,attack/3D/rigidmask
374,19,face-station/07.05.18/019_07_000_2_90,dev,attack/3D/flexiblemask
375,19,face-station/07.05.18/019_06_071_2_87,dev,attack/3D/flexiblemask
376,19,face-station/07.05.18/019_05_000_2_90,dev,attack/3D/flexiblemask
377,19,face-station/07.05.18/019_06_000_2_90,dev,attack/3D/flexiblemask
378,19,face-station/07.05.18/019_04_000_2_90,dev,attack/3D/flexiblemask
380,19,face-station/15.05.18/019_05_000_0_00,dev,bonafide
382,19,face-station/15.05.18/019_05_000_0_01,dev,bonafide
386,19,face-station/16.05.18/019_07_000_0_00,dev,bonafide
387,19,face-station/16.05.18/019_07_000_0_01,dev,bonafide
391,19,face-station/23.05.18/019_07_018_2_17,dev,attack/3D/rigidmask
394,19,face-station/23.05.18/019_05_072_2_87,dev,attack/3D/flexiblemask
396,19,face-station/23.05.18/019_07_005_2_87,dev,attack/3D/flexiblemask
397,19,face-station/23.05.18/019_06_000_0_00,dev,bonafide
398,19,face-station/23.05.18/019_06_000_0_01,dev,bonafide
401,19,face-station/29.05.18/019_07_000_2_87,dev,attack/3D/flexiblemask
402,19,face-station/29.05.18/019_04_000_2_87,dev,attack/3D/flexiblemask
403,19,face-station/29.05.18/019_05_000_2_87,dev,attack/3D/flexiblemask
404,19,face-station/29.05.18/019_06_000_2_87,dev,attack/3D/flexiblemask
409,19,face-station/04.06.18/019_04_000_2_17,dev,attack/3D/rigidmask
412,19,face-station/04.06.18/019_05_000_2_17,dev,attack/3D/rigidmask
413,19,face-station/04.06.18/019_06_000_2_17,dev,attack/3D/rigidmask
414,19,face-station/04.06.18/019_07_000_2_17,dev,attack/3D/rigidmask
445,6,face-station/22.01.18/006_01_000_0_00,dev,bonafide
446,6,face-station/08.02.18/006_02_000_0_00,dev,bonafide
447,6,face-station/15.02.18/006_03_000_0_00,dev,bonafide
448,6,face-station/15.05.18/006_05_000_0_00,dev,bonafide
449,6,face-station/23.05.18/006_07_000_0_00,dev,bonafide
450,6,face-station/25.05.18/006_06_000_0_00,dev,bonafide
451,6,face-station/25.05.18/006_06_000_0_02,dev,bonafide
464,9,face-station/23.01.18/009_01_000_0_00,dev,bonafide
465,9,face-station/06.02.18/009_02_000_0_00,dev,bonafide
466,9,face-station/12.02.18/009_03_000_0_00,dev,bonafide
467,502,face-station/23.01.18/502_01_009_2_03,dev,attack/3D/fakehead
468,502,face-station/14.03.18/502_04_010_2_03,dev,attack/3D/fakehead
469,502,face-station/07.02.18/502_02_008_2_03,dev,attack/3D/fakehead
470,502,face-station/01.02.18/502_01_039_2_03,dev,attack/3D/fakehead
471,502,face-station/06.02.18/502_02_043_2_03,dev,attack/3D/fakehead
472,502,face-station/09.02.18/502_02_000_2_03,dev,attack/3D/fakehead
473,502,face-station/13.02.18/502_03_059_2_03,dev,attack/3D/fakehead
474,502,face-station/15.02.18/502_03_014_2_03,dev,attack/3D/fakehead
475,502,face-station/21.02.18/502_03_000_2_03,dev,attack/3D/fakehead
476,502,face-station/27.02.18/502_01_000_2_03,dev,attack/3D/fakehead
477,502,face-station/04.05.18/502_06_004_2_03,dev,attack/3D/fakehead
478,502,face-station/07.05.18/502_07_038_2_03,dev,attack/3D/fakehead
479,502,face-station/15.05.18/502_05_019_2_03,dev,attack/3D/fakehead
480,502,face-station/29.05.18/502_06_000_2_03,dev,attack/3D/fakehead
481,502,face-station/30.05.18/502_07_000_2_03,dev,attack/3D/fakehead
482,502,face-station/30.05.18/502_05_000_2_03,dev,attack/3D/fakehead
483,502,face-station/30.05.18/502_04_000_2_03,dev,attack/3D/fakehead
484,532,face-station/14.03.18/532_01_006_1_13,dev,attack/3D/rigidmask
485,532,face-station/14.03.18/532_01_010_1_13,dev,attack/3D/rigidmask
486,532,face-station/14.03.18/532_04_007_1_13,dev,attack/3D/rigidmask
487,532,face-station/20.04.18/532_06_066_1_13,dev,attack/3D/rigidmask
488,532,face-station/23.04.18/532_05_067_1_13,dev,attack/3D/rigidmask
489,532,face-station/23.05.18/532_07_018_1_13,dev,attack/3D/rigidmask
490,532,face-station/25.05.18/532_07_008_1_13,dev,attack/3D/rigidmask
491,532,face-station/25.06.18/532_07_019_1_13,dev,attack/3D/rigidmask
492,532,face-station/25.06.18/532_05_004_1_13,dev,attack/3D/rigidmask
493,532,face-station/25.06.18/532_06_018_1_13,dev,attack/3D/rigidmask
506,16,face-station/14.03.18/016_04_007_2_15,dev,attack/3D/rigidmask
507,16,face-station/14.03.18/016_04_010_2_85,dev,attack/3D/flexiblemask
508,16,face-station/24.01.18/016_01_011_2_15,dev,attack/3D/rigidmask
509,16,face-station/31.01.18/016_01_033_2_85,dev,attack/3D/flexiblemask
510,16,face-station/07.02.18/016_02_030_2_15,dev,attack/3D/rigidmask
511,16,face-station/07.02.18/016_02_045_2_85,dev,attack/3D/flexiblemask
512,16,face-station/07.02.18/016_03_028_2_85,dev,attack/3D/flexiblemask
513,16,face-station/01.02.18/016_01_042_2_15,dev,attack/3D/rigidmask
514,16,face-station/01.02.18/016_01_002_2_85,dev,attack/3D/flexiblemask
515,16,face-station/06.02.18/016_02_017_2_85,dev,attack/3D/flexiblemask
516,16,face-station/08.02.18/016_03_022_2_15,dev,attack/3D/rigidmask
517,16,face-station/09.02.18/016_02_060_2_15,dev,attack/3D/rigidmask
518,16,face-station/12.02.18/016_03_056_2_85,dev,attack/3D/flexiblemask
519,16,face-station/13.02.18/016_03_059_2_15,dev,attack/3D/rigidmask
520,16,face-station/19.02.18/016_02_000_2_15,dev,attack/3D/rigidmask
521,16,face-station/19.02.18/016_02_000_2_85,dev,attack/3D/flexiblemask
522,16,face-station/21.02.18/016_03_000_2_15,dev,attack/3D/rigidmask
523,16,face-station/22.02.18/016_03_000_2_85,dev,attack/3D/flexiblemask
524,16,face-station/27.02.18/016_01_000_2_85,dev,attack/3D/flexiblemask
525,16,face-station/27.02.18/016_01_000_2_15,dev,attack/3D/rigidmask
526,16,face-station/04.05.18/016_06_004_2_85,dev,attack/3D/flexiblemask
527,16,face-station/16.05.18/016_07_070_2_15,dev,attack/3D/rigidmask
528,16,face-station/23.05.18/016_07_068_2_85,dev,attack/3D/flexiblemask
529,16,face-station/24.05.18/016_06_005_2_15,dev,attack/3D/rigidmask
530,16,face-station/24.05.18/016_05_012_2_85,dev,attack/3D/flexiblemask
531,16,face-station/24.05.18/016_05_012_2_15,dev,attack/3D/rigidmask
532,16,face-station/29.05.18/016_04_000_2_85,dev,attack/3D/flexiblemask
533,16,face-station/29.05.18/016_05_000_2_85,dev,attack/3D/flexiblemask
534,16,face-station/29.05.18/016_06_000_2_85,dev,attack/3D/flexiblemask
535,16,face-station/29.05.18/016_07_000_2_85,dev,attack/3D/flexiblemask
536,16,face-station/04.06.18/016_04_000_2_15,dev,attack/3D/rigidmask
537,16,face-station/04.06.18/016_05_000_2_15,dev,attack/3D/rigidmask
538,16,face-station/04.06.18/016_06_000_2_15,dev,attack/3D/rigidmask
539,16,face-station/04.06.18/016_07_000_2_15,dev,attack/3D/rigidmask
900,504,face-station/14.03.18/504_04_010_2_05,dev,attack/3D/fakehead
901,504,face-station/25.01.18/504_01_015_2_05,dev,attack/3D/fakehead
902,504,face-station/07.02.18/504_02_028_2_05,dev,attack/3D/fakehead
903,504,face-station/01.02.18/504_01_044_2_05,dev,attack/3D/fakehead
904,504,face-station/08.02.18/504_02_052_2_05,dev,attack/3D/fakehead
905,504,face-station/09.02.18/504_02_048_2_05,dev,attack/3D/fakehead
906,504,face-station/09.02.18/504_02_000_2_05,dev,attack/3D/fakehead
907,504,face-station/13.02.18/504_03_031_2_05,dev,attack/3D/fakehead
908,504,face-station/15.02.18/504_03_001_2_05,dev,attack/3D/fakehead
909,504,face-station/21.02.18/504_03_000_2_05,dev,attack/3D/fakehead
910,504,face-station/27.02.18/504_01_000_2_05,dev,attack/3D/fakehead
911,504,face-station/15.05.18/504_05_007_2_05,dev,attack/3D/fakehead
912,504,face-station/16.05.18/504_07_012_2_05,dev,attack/3D/fakehead
913,504,face-station/24.05.18/504_06_008_2_05,dev,attack/3D/fakehead
914,504,face-station/29.05.18/504_06_000_2_05,dev,attack/3D/fakehead
915,504,face-station/30.05.18/504_05_000_2_05,dev,attack/3D/fakehead
916,504,face-station/30.05.18/504_07_000_2_05,dev,attack/3D/fakehead
917,504,face-station/30.05.18/504_04_000_2_05,dev,attack/3D/fakehead
954,507,face-station/14.03.18/507_04_010_2_01,dev,attack/3D/fakehead
955,507,face-station/30.01.18/507_01_027_2_01,dev,attack/3D/fakehead
956,507,face-station/02.02.18/507_01_053_2_01,dev,attack/3D/fakehead
957,507,face-station/08.02.18/507_02_019_2_01,dev,attack/3D/fakehead
958,507,face-station/09.02.18/507_02_000_2_01,dev,attack/3D/fakehead
959,507,face-station/09.02.18/507_03_048_2_01,dev,attack/3D/fakehead
960,507,face-station/09.02.18/507_02_049_2_01,dev,attack/3D/fakehead
961,507,face-station/12.02.18/507_03_021_2_01,dev,attack/3D/fakehead
962,507,face-station/21.02.18/507_03_000_2_01,dev,attack/3D/fakehead
963,507,face-station/27.02.18/507_01_000_2_01,dev,attack/3D/fakehead
964,507,face-station/15.05.18/507_05_006_2_01,dev,attack/3D/fakehead
965,507,face-station/16.05.18/507_07_019_2_01,dev,attack/3D/fakehead
966,507,face-station/24.05.18/507_06_073_2_01,dev,attack/3D/fakehead
967,507,face-station/29.05.18/507_06_000_2_01,dev,attack/3D/fakehead
968,507,face-station/30.05.18/507_05_000_2_01,dev,attack/3D/fakehead
969,507,face-station/30.05.18/507_07_000_2_01,dev,attack/3D/fakehead
970,507,face-station/30.05.18/507_04_000_2_01,dev,attack/3D/fakehead
1153,512,face-station/14.03.18/512_04_006_1_01,dev,attack/3D/glasses
1154,512,face-station/26.01.18/512_01_008_1_01,dev,attack/3D/glasses
1155,512,face-station/07.02.18/512_02_044_1_01,dev,attack/3D/glasses
1156,512,face-station/01.02.18/512_01_038_1_01,dev,attack/3D/glasses
1157,512,face-station/09.02.18/512_02_013_1_01,dev,attack/3D/glasses
1158,512,face-station/13.02.18/512_03_030_1_01,dev,attack/3D/glasses
1159,512,face-station/14.02.18/512_03_032_1_01,dev,attack/3D/glasses
1160,512,face-station/14.02.18/512_03_003_1_01,dev,attack/3D/glasses
1161,512,face-station/27.02.18/512_02_012_1_01,dev,attack/3D/glasses
1162,512,face-station/23.04.18/512_05_067_1_01,dev,attack/3D/glasses
1163,512,face-station/23.05.18/512_06_012_1_01,dev,attack/3D/glasses
1164,512,face-station/23.05.18/512_07_006_1_01,dev,attack/3D/glasses
1259,10,face-station/24.01.18/010_01_000_0_00,dev,bonafide
1260,10,face-station/06.02.18/010_02_000_0_00,dev,bonafide
1261,10,face-station/09.02.18/010_03_000_0_00,dev,bonafide
1262,13,face-station/24.01.18/013_01_000_0_00,dev,bonafide
1263,13,face-station/09.02.18/013_02_000_0_00,dev,bonafide
1264,13,face-station/09.02.18/013_02_000_0_01,dev,bonafide
1265,13,face-station/16.02.18/013_03_000_0_01,dev,bonafide
1266,13,face-station/16.02.18/013_03_000_0_00,dev,bonafide
1302,24,face-station/29.01.18/024_01_000_0_00,dev,bonafide
1303,24,face-station/29.01.18/024_01_000_0_01,dev,bonafide
1304,24,face-station/06.02.18/024_02_000_0_00,dev,bonafide
1305,24,face-station/06.02.18/024_02_000_0_01,dev,bonafide
1306,24,face-station/21.02.18/024_03_000_0_00,dev,bonafide
1307,24,face-station/21.02.18/024_03_000_0_01,dev,bonafide
1308,22,face-station/29.01.18/022_01_000_0_00,dev,bonafide
1309,22,face-station/08.02.18/022_02_000_0_00,dev,bonafide
1310,22,face-station/08.02.18/022_03_000_0_00,dev,bonafide
1311,23,face-station/29.01.18/023_01_000_0_00,dev,bonafide
1331,26,face-station/30.01.18/026_01_000_0_00,dev,bonafide
1332,26,face-station/30.01.18/026_01_000_0_01,dev,bonafide
1333,26,face-station/07.02.18/026_02_000_0_00,dev,bonafide
1334,26,face-station/07.02.18/026_02_000_0_01,dev,bonafide
1335,26,face-station/12.02.18/026_03_000_0_00,dev,bonafide
1336,26,face-station/12.02.18/026_03_000_0_01,dev,bonafide
1346,33,face-station/31.01.18/033_01_000_0_00,dev,bonafide
1347,33,face-station/07.02.18/033_02_000_0_00,dev,bonafide
1348,33,face-station/14.02.18/033_03_000_0_00,dev,bonafide
1366,42,face-station/07.02.18/042_02_000_0_00,dev,bonafide
1367,42,face-station/01.02.18/042_01_000_0_00,dev,bonafide
1368,42,face-station/13.02.18/042_03_000_0_00,dev,bonafide
1375,56,face-station/07.02.18/056_02_000_0_00,dev,bonafide
1376,56,face-station/07.02.18/056_02_000_0_01,dev,bonafide
1377,56,face-station/02.02.18/056_01_000_0_00,dev,bonafide
1378,56,face-station/02.02.18/056_01_000_0_01,dev,bonafide
1379,56,face-station/12.02.18/056_03_000_0_00,dev,bonafide
1380,56,face-station/12.02.18/056_03_000_0_01,dev,bonafide
1381,59,face-station/07.02.18/059_02_000_0_00,dev,bonafide
1382,59,face-station/02.02.18/059_01_000_0_00,dev,bonafide
1383,59,face-station/13.02.18/059_03_000_0_00,dev,bonafide
1410,47,face-station/02.02.18/047_01_000_0_00,dev,bonafide
1411,47,face-station/02.02.18/047_01_000_0_01,dev,bonafide
1412,47,face-station/08.02.18/047_02_000_0_00,dev,bonafide
1413,47,face-station/13.02.18/047_03_000_0_00,dev,bonafide
1414,47,face-station/13.02.18/047_03_000_0_01,dev,bonafide
1421,55,face-station/02.02.18/055_01_000_0_00,dev,bonafide
1422,55,face-station/02.02.18/055_01_000_0_01,dev,bonafide
1423,55,face-station/06.02.18/055_02_000_0_00,dev,bonafide
1424,55,face-station/06.02.18/055_02_000_0_01,dev,bonafide
1425,55,face-station/13.02.18/055_03_000_0_00,dev,bonafide
1426,55,face-station/13.02.18/055_03_000_0_01,dev,bonafide
1427,52,face-station/02.02.18/052_01_000_0_00,dev,bonafide
1428,52,face-station/08.02.18/052_02_000_0_00,dev,bonafide
1429,52,face-station/08.02.18/052_03_000_0_00,dev,bonafide
1433,57,face-station/02.02.18/057_01_000_0_00,dev,bonafide
1438,48,face-station/02.02.18/048_01_000_0_00,dev,bonafide
1439,48,face-station/09.02.18/048_02_000_0_00,dev,bonafide
1440,48,face-station/09.02.18/048_03_000_0_00,dev,bonafide
1444,58,face-station/02.02.18/058_01_000_0_00,dev,bonafide
1445,58,face-station/06.02.18/058_02_000_0_00,dev,bonafide
1446,58,face-station/13.02.18/058_03_000_0_00,dev,bonafide
1447,58,face-station/13.02.18/058_03_000_0_02,dev,bonafide
1473,534,face-station/11.04.18/534_01_003_1_15,dev,attack/3D/glasses
1474,534,face-station/11.04.18/534_01_004_1_15,dev,attack/3D/glasses
1475,534,face-station/11.04.18/534_04_019_1_15,dev,attack/3D/glasses
1476,534,face-station/23.04.18/534_07_066_1_15,dev,attack/3D/glasses
1477,534,face-station/23.04.18/534_05_067_1_15,dev,attack/3D/glasses
1478,534,face-station/22.05.18/534_05_008_1_15,dev,attack/3D/glasses
1479,534,face-station/24.05.18/534_06_073_1_15,dev,attack/3D/glasses
1480,534,face-station/25.06.18/534_07_019_1_15,dev,attack/3D/glasses
1481,534,face-station/25.06.18/534_05_004_1_15,dev,attack/3D/glasses
1482,534,face-station/25.06.18/534_06_018_1_15,dev,attack/3D/glasses
1593,66,face-station/20.04.18/066_05_066_2_84,dev,attack/3D/flexiblemask
1594,66,face-station/23.04.18/066_05_000_0_00,dev,bonafide
1595,66,face-station/23.04.18/066_06_000_0_00,dev,bonafide
1596,66,face-station/23.04.18/066_07_000_0_00,dev,bonafide
1597,66,face-station/08.05.18/066_07_071_2_84,dev,attack/3D/flexiblemask
1598,66,face-station/23.05.18/066_06_012_2_84,dev,attack/3D/flexiblemask
1599,66,face-station/28.05.18/066_07_000_2_84,dev,attack/3D/flexiblemask
1600,66,face-station/29.05.18/066_04_000_2_84,dev,attack/3D/flexiblemask
1601,66,face-station/29.05.18/066_05_000_2_84,dev,attack/3D/flexiblemask
1602,66,face-station/29.05.18/066_06_000_2_84,dev,attack/3D/flexiblemask
1603,66,face-station/06.06.18/066_04_018_2_84,dev,attack/3D/flexiblemask
1604,66,face-station/22.06.18/066_01_000_2_84,dev,attack/3D/flexiblemask
1605,66,face-station/25.06.18/066_07_019_2_84,dev,attack/3D/flexiblemask
1606,66,face-station/25.06.18/066_05_004_2_84,dev,attack/3D/flexiblemask
1607,66,face-station/25.06.18/066_06_018_2_84,dev,attack/3D/flexiblemask
1608,66,face-station/25.06.18/066_01_006_2_84,dev,attack/3D/flexiblemask
1767,105,face-station/30.04.18/105_05_064_2_94,dev,attack/3D/flexiblemask
1768,105,face-station/01.05.18/105_05_065_2_98,dev,attack/3D/flexiblemask
1769,105,face-station/04.05.18/105_07_003_2_98,dev,attack/3D/flexiblemask
1770,105,face-station/04.05.18/105_06_038_2_98,dev,attack/3D/flexiblemask
1771,105,face-station/07.05.18/105_06_002_2_94,dev,attack/3D/flexiblemask
1772,105,face-station/16.05.18/105_07_004_2_94,dev,attack/3D/flexiblemask
1773,105,face-station/28.05.18/105_07_000_2_94,dev,attack/3D/flexiblemask
1774,105,face-station/28.05.18/105_07_000_2_98,dev,attack/3D/flexiblemask
1775,105,face-station/28.05.18/105_05_000_2_98,dev,attack/3D/flexiblemask
1776,105,face-station/28.05.18/105_04_000_2_98,dev,attack/3D/flexiblemask
1777,105,face-station/28.05.18/105_06_000_2_98,dev,attack/3D/flexiblemask
1778,105,face-station/29.05.18/105_04_000_2_94,dev,attack/3D/flexiblemask
1779,105,face-station/29.05.18/105_05_000_2_94,dev,attack/3D/flexiblemask
1780,105,face-station/29.05.18/105_06_000_2_94,dev,attack/3D/flexiblemask
1781,105,face-station/06.06.18/105_04_018_2_94,dev,attack/3D/flexiblemask
1782,105,face-station/06.06.18/105_04_018_2_98,dev,attack/3D/flexiblemask
1783,105,face-station/22.06.18/105_01_000_2_94,dev,attack/3D/flexiblemask
1784,105,face-station/22.06.18/105_01_000_2_98,dev,attack/3D/flexiblemask
1785,105,face-station/25.06.18/105_07_019_2_94,dev,attack/3D/flexiblemask
1786,105,face-station/25.06.18/105_07_019_2_98,dev,attack/3D/flexiblemask
1787,105,face-station/25.06.18/105_05_004_2_94,dev,attack/3D/flexiblemask
1788,105,face-station/25.06.18/105_05_004_2_98,dev,attack/3D/flexiblemask
1789,105,face-station/25.06.18/105_06_018_2_94,dev,attack/3D/flexiblemask
1790,105,face-station/25.06.18/105_06_018_2_98,dev,attack/3D/flexiblemask
1791,105,face-station/25.06.18/105_01_006_2_94,dev,attack/3D/flexiblemask
1792,105,face-station/25.06.18/105_01_006_2_98,dev,attack/3D/flexiblemask
1877,70,face-station/04.05.18/070_05_000_0_00,dev,bonafide
1878,70,face-station/07.05.18/070_06_000_0_00,dev,bonafide
1879,70,face-station/16.05.18/070_07_000_0_00,dev,bonafide
1880,71,face-station/04.05.18/071_05_000_0_00,dev,bonafide
1881,71,face-station/04.05.18/071_05_000_0_01,dev,bonafide
1882,71,face-station/07.05.18/071_06_000_0_00,dev,bonafide
1883,71,face-station/07.05.18/071_06_000_0_01,dev,bonafide
1884,71,face-station/08.05.18/071_07_000_0_00,dev,bonafide
1885,71,face-station/08.05.18/071_07_000_0_01,dev,bonafide
1905,110,face-station/28.06.18/110_06_003_2_79,dev,attack/3D/flexiblemask
1906,110,face-station/28.06.18/110_01_003_2_79,dev,attack/3D/flexiblemask
1907,110,face-station/28.06.18/110_04_007_2_79,dev,attack/3D/flexiblemask
1908,110,face-station/28.06.18/110_05_000_2_79,dev,attack/3D/flexiblemask
1909,110,face-station/28.06.18/110_04_000_2_79,dev,attack/3D/flexiblemask
1910,110,face-station/28.06.18/110_01_000_2_79,dev,attack/3D/flexiblemask
1911,110,face-station/28.06.18/110_06_000_2_79,dev,attack/3D/flexiblemask
1912,110,face-station/28.06.18/110_07_000_2_79,dev,attack/3D/flexiblemask
1913,110,face-station/02.07.18/110_07_007_2_79,dev,attack/3D/flexiblemask
1914,110,face-station/02.07.18/110_05_064_2_79,dev,attack/3D/flexiblemask
1915,110,face-station/03.07.18/110_06_064_2_79,dev,attack/3D/flexiblemask
1916,110,face-station/04.07.18/110_05_073_2_79,dev,attack/3D/flexiblemask
1917,110,face-station/05.07.18/110_07_073_2_79,dev,attack/3D/flexiblemask
1944,107,face-station/28.06.18/107_01_003_2_76,dev,attack/3D/flexiblemask
1945,107,face-station/28.06.18/107_04_007_2_76,dev,attack/3D/flexiblemask
1946,107,face-station/28.06.18/107_06_000_2_76,dev,attack/3D/flexiblemask
1947,107,face-station/28.06.18/107_06_003_2_76,dev,attack/3D/flexiblemask
1948,107,face-station/28.06.18/107_04_000_2_76,dev,attack/3D/flexiblemask
1949,107,face-station/28.06.18/107_01_000_2_76,dev,attack/3D/flexiblemask
1950,107,face-station/28.06.18/107_05_000_2_76,dev,attack/3D/flexiblemask
1951,107,face-station/28.06.18/107_07_000_2_76,dev,attack/3D/flexiblemask
1952,107,face-station/02.07.18/107_05_064_2_76,dev,attack/3D/flexiblemask
1953,107,face-station/02.07.18/107_07_007_2_76,dev,attack/3D/flexiblemask
1954,107,face-station/03.07.18/107_06_064_2_76,dev,attack/3D/flexiblemask
1955,107,face-station/04.07.18/107_05_073_2_76,dev,attack/3D/flexiblemask
1956,107,face-station/05.07.18/107_07_073_2_76,dev,attack/3D/flexiblemask
545,1,face-station/14.03.18/001_04_010_3_05,eval,attack/2D/replay
550,1,face-station/24.01.18/001_01_000_0_00,eval,bonafide
551,1,face-station/24.01.18/001_01_000_0_01,eval,bonafide
552,1,face-station/15.03.18/001_04_000_3_05,eval,attack/2D/replay
558,1,face-station/29.01.18/001_01_024_3_05,eval,attack/2D/replay
567,1,face-station/07.02.18/001_02_029_3_05,eval,attack/2D/replay
576,1,face-station/02.02.18/001_01_054_3_05,eval,attack/2D/replay
580,1,face-station/06.02.18/001_02_000_0_00,eval,bonafide
581,1,face-station/06.02.18/001_02_000_0_01,eval,bonafide
583,1,face-station/06.02.18/001_02_003_3_05,eval,attack/2D/replay
588,1,face-station/08.02.18/001_02_034_3_05,eval,attack/2D/replay
600,1,face-station/13.02.18/001_03_055_3_05,eval,attack/2D/replay
601,1,face-station/13.02.18/001_03_058_3_05,eval,attack/2D/replay
606,1,face-station/15.02.18/001_03_000_0_00,eval,bonafide
607,1,face-station/15.02.18/001_03_000_0_01,eval,bonafide
626,1,face-station/23.02.18/001_03_000_3_05,eval,attack/2D/replay
627,1,face-station/23.02.18/001_02_000_3_05,eval,attack/2D/replay
638,1,face-station/28.02.18/001_01_000_3_05,eval,attack/2D/replay
659,1,face-station/22.05.18/001_06_007_3_05,eval,attack/2D/replay
665,1,face-station/24.05.18/001_05_014_3_05,eval,attack/2D/replay
669,1,face-station/25.05.18/001_07_014_3_05,eval,attack/2D/replay
682,1,face-station/04.06.18/001_07_000_3_05,eval,attack/2D/replay
683,1,face-station/05.06.18/001_05_000_3_05,eval,attack/2D/replay
684,1,face-station/05.06.18/001_06_000_3_05,eval,attack/2D/replay
998,12,face-station/15.03.18/012_04_004_4_03,eval,attack/2D/replay
999,12,face-station/15.03.18/012_04_004_4_04,eval,attack/2D/replay
1000,12,face-station/15.03.18/012_04_000_4_03,eval,attack/2D/replay
1001,12,face-station/15.03.18/012_04_000_4_04,eval,attack/2D/replay
1002,12,face-station/15.03.18/012_04_003_4_15,eval,attack/2D/replay
1003,12,face-station/15.03.18/012_04_003_4_16,eval,attack/2D/replay
1004,12,face-station/15.03.18/012_04_000_4_15,eval,attack/2D/replay
1005,12,face-station/15.03.18/012_04_000_4_16,eval,attack/2D/replay
1007,12,face-station/25.01.18/012_01_000_0_00,eval,bonafide
1008,12,face-station/25.01.18/012_01_000_0_01,eval,bonafide
1010,12,face-station/29.01.18/012_01_023_4_04,eval,attack/2D/replay
1031,12,face-station/14.02.18/012_03_032_4_04,eval,attack/2D/replay
1033,12,face-station/15.02.18/012_03_001_4_16,eval,attack/2D/replay
1034,12,face-station/15.02.18/012_03_004_4_04,eval,attack/2D/replay
1035,12,face-station/15.02.18/012_03_029_4_16,eval,attack/2D/replay
1040,12,face-station/16.02.18/012_02_013_4_04,eval,attack/2D/replay
1041,12,face-station/16.02.18/012_02_007_4_16,eval,attack/2D/replay
1042,12,face-station/16.02.18/012_02_003_4_16,eval,attack/2D/replay
1047,12,face-station/21.02.18/012_02_020_4_04,eval,attack/2D/replay
1049,12,face-station/23.02.18/012_03_000_4_04,eval,attack/2D/replay
1050,12,face-station/23.02.18/012_03_000_4_16,eval,attack/2D/replay
1051,12,face-station/23.02.18/012_02_000_4_04,eval,attack/2D/replay
1052,12,face-station/23.02.18/012_02_000_4_16,eval,attack/2D/replay
1053,12,face-station/23.02.18/012_02_000_4_03,eval,attack/2D/replay
1054,12,face-station/23.02.18/012_02_000_4_15,eval,attack/2D/replay
1055,12,face-station/23.02.18/012_03_000_4_03,eval,attack/2D/replay
1056,12,face-station/23.02.18/012_03_000_4_15,eval,attack/2D/replay
1057,12,face-station/23.02.18/012_03_004_4_03,eval,attack/2D/replay
1058,12,face-station/23.02.18/012_03_004_4_15,eval,attack/2D/replay
1059,12,face-station/23.02.18/012_02_004_4_03,eval,attack/2D/replay
1060,12,face-station/23.02.18/012_02_004_4_15,eval,attack/2D/replay
1061,12,face-station/27.02.18/012_02_000_0_00,eval,bonafide
1062,12,face-station/27.02.18/012_03_000_0_00,eval,bonafide
1063,12,face-station/27.02.18/012_02_000_0_01,eval,bonafide
1064,12,face-station/27.02.18/012_03_000_0_01,eval,bonafide
1065,12,face-station/27.02.18/012_01_038_4_16,eval,attack/2D/replay
1068,12,face-station/27.02.18/012_01_063_4_16,eval,attack/2D/replay
1069,12,face-station/27.02.18/012_01_003_4_04,eval,attack/2D/replay
1072,12,face-station/28.02.18/012_01_000_4_04,eval,attack/2D/replay
1073,12,face-station/28.02.18/012_01_000_4_03,eval,attack/2D/replay
1074,12,face-station/28.02.18/012_01_000_4_15,eval,attack/2D/replay
1075,12,face-station/28.02.18/012_01_000_4_16,eval,attack/2D/replay
1076,12,face-station/28.02.18/012_01_004_4_03,eval,attack/2D/replay
1077,12,face-station/28.02.18/012_01_004_4_15,eval,attack/2D/replay
1083,12,face-station/04.05.18/012_05_002_4_04,eval,attack/2D/replay
1084,12,face-station/04.05.18/012_06_004_4_03,eval,attack/2D/replay
1090,12,face-station/16.05.18/012_07_000_0_00,eval,bonafide
1091,12,face-station/16.05.18/012_07_000_0_01,eval,bonafide
1092,12,face-station/16.05.18/012_07_007_4_15,eval,attack/2D/replay
1098,12,face-station/22.05.18/012_05_008_4_15,eval,attack/2D/replay
1099,12,face-station/23.05.18/012_05_073_4_16,eval,attack/2D/replay
1100,12,face-station/23.05.18/012_05_073_4_03,eval,attack/2D/replay
1101,12,face-station/23.05.18/012_07_068_4_04,eval,attack/2D/replay
1102,12,face-station/23.05.18/012_06_000_0_00,eval,bonafide
1103,12,face-station/23.05.18/012_06_000_0_01,eval,bonafide
1104,12,face-station/23.05.18/012_06_012_4_16,eval,attack/2D/replay
1105,12,face-station/23.05.18/012_07_018_4_03,eval,attack/2D/replay
1106,12,face-station/23.05.18/012_07_006_4_16,eval,attack/2D/replay
1107,12,face-station/23.05.18/012_06_019_4_04,eval,attack/2D/replay
1109,12,face-station/24.05.18/012_05_000_0_00,eval,bonafide
1110,12,face-station/24.05.18/012_05_000_0_01,eval,bonafide
1111,12,face-station/25.05.18/012_06_006_4_15,eval,attack/2D/replay
1120,12,face-station/04.06.18/012_07_000_4_15,eval,attack/2D/replay
1121,12,face-station/04.06.18/012_07_000_4_16,eval,attack/2D/replay
1124,12,face-station/04.06.18/012_06_000_4_03,eval,attack/2D/replay
1125,12,face-station/04.06.18/012_06_000_4_04,eval,attack/2D/replay
1128,12,face-station/04.06.18/012_07_000_4_03,eval,attack/2D/replay
1129,12,face-station/04.06.18/012_07_000_4_04,eval,attack/2D/replay
1130,12,face-station/04.06.18/012_06_000_4_15,eval,attack/2D/replay
1131,12,face-station/04.06.18/012_06_000_4_16,eval,attack/2D/replay
1132,12,face-station/05.06.18/012_05_000_4_03,eval,attack/2D/replay
1133,12,face-station/05.06.18/012_05_000_4_04,eval,attack/2D/replay
1134,12,face-station/05.06.18/012_05_000_4_15,eval,attack/2D/replay
1135,12,face-station/05.06.18/012_05_000_4_16,eval,attack/2D/replay
1249,11,face-station/24.01.18/011_01_000_0_00,eval,bonafide
1250,11,face-station/14.02.18/011_03_000_0_00,eval,bonafide
1251,11,face-station/16.02.18/011_02_000_0_00,eval,bonafide
1267,8,face-station/26.01.18/008_01_000_0_00,eval,bonafide
1268,8,face-station/26.01.18/008_01_000_0_01,eval,bonafide
1269,8,face-station/07.02.18/008_02_000_0_00,eval,bonafide
1270,8,face-station/07.02.18/008_02_000_0_01,eval,bonafide
1271,8,face-station/14.02.18/008_03_000_0_00,eval,bonafide
1272,8,face-station/14.02.18/008_03_000_0_01,eval,bonafide
1273,8,face-station/22.05.18/008_05_000_0_00,eval,bonafide
1274,8,face-station/22.05.18/008_05_000_0_01,eval,bonafide
1275,8,face-station/24.05.18/008_06_000_0_00,eval,bonafide
1276,8,face-station/24.05.18/008_06_000_0_01,eval,bonafide
1277,8,face-station/25.05.18/008_07_000_0_01,eval,bonafide
1278,8,face-station/25.05.18/008_07_000_0_00,eval,bonafide
1279,17,face-station/26.01.18/017_01_000_0_00,eval,bonafide
1280,17,face-station/26.01.18/017_01_000_0_01,eval,bonafide
1281,17,face-station/06.02.18/017_02_000_0_02,eval,bonafide
1282,17,face-station/06.02.18/017_02_000_0_00,eval,bonafide
1283,17,face-station/06.02.18/017_02_000_0_01,eval,bonafide
1284,17,face-station/14.02.18/017_03_000_0_00,eval,bonafide
1285,17,face-station/14.02.18/017_03_000_0_01,eval,bonafide
1290,25,face-station/29.01.18/025_01_000_0_00,eval,bonafide
1291,25,face-station/29.01.18/025_01_000_0_01,eval,bonafide
1292,25,face-station/06.02.18/025_02_000_0_00,eval,bonafide
1293,25,face-station/06.02.18/025_02_000_0_01,eval,bonafide
1294,25,face-station/12.02.18/025_03_000_0_00,eval,bonafide
1295,25,face-station/12.02.18/025_03_000_0_01,eval,bonafide
1296,20,face-station/29.01.18/020_01_000_0_00,eval,bonafide
1297,20,face-station/21.02.18/020_02_000_0_00,eval,bonafide
1298,20,face-station/21.02.18/020_03_000_0_00,eval,bonafide
1318,30,face-station/30.01.18/030_01_000_0_00,eval,bonafide
1319,30,face-station/07.02.18/030_02_000_0_00,eval,bonafide
1320,30,face-station/13.02.18/030_03_000_0_00,eval,bonafide
1321,30,face-station/13.02.18/030_03_000_0_02,eval,bonafide
1322,27,face-station/30.01.18/027_01_000_0_00,eval,bonafide
1323,27,face-station/30.01.18/027_01_000_0_01,eval,bonafide
1324,27,face-station/07.02.18/027_02_000_0_00,eval,bonafide
1325,27,face-station/07.02.18/027_02_000_0_01,eval,bonafide
1326,27,face-station/14.02.18/027_03_000_0_00,eval,bonafide
1327,27,face-station/14.02.18/027_03_000_0_01,eval,bonafide
1328,31,face-station/30.01.18/031_01_000_0_00,eval,bonafide
1329,31,face-station/13.02.18/031_02_000_0_00,eval,bonafide
1330,31,face-station/13.02.18/031_03_000_0_00,eval,bonafide
1349,35,face-station/31.01.18/035_01_000_0_01,eval,bonafide
1350,35,face-station/31.01.18/035_01_000_0_00,eval,bonafide
1351,35,face-station/07.02.18/035_02_000_0_00,eval,bonafide
1352,35,face-station/07.02.18/035_02_000_0_01,eval,bonafide
1353,35,face-station/12.02.18/035_03_000_0_00,eval,bonafide
1354,35,face-station/12.02.18/035_03_000_0_01,eval,bonafide
1355,36,face-station/31.01.18/036_01_000_0_00,eval,bonafide
1356,36,face-station/07.02.18/036_02_000_0_00,eval,bonafide
1357,36,face-station/13.02.18/036_03_000_0_00,eval,bonafide
1369,44,face-station/07.02.18/044_02_000_0_00,eval,bonafide
1370,44,face-station/01.02.18/044_01_000_0_00,eval,bonafide
1371,44,face-station/22.02.18/044_03_000_0_00,eval,bonafide
1384,63,face-station/07.02.18/063_02_000_0_00,eval,bonafide
1385,63,face-station/12.02.18/063_03_000_0_00,eval,bonafide
1386,63,face-station/12.02.18/063_03_000_0_01,eval,bonafide
1387,63,face-station/27.02.18/063_01_000_0_00,eval,bonafide
1388,63,face-station/27.02.18/063_01_000_0_01,eval,bonafide
1399,39,face-station/01.02.18/039_01_000_0_00,eval,bonafide
1400,43,face-station/01.02.18/043_01_000_0_00,eval,bonafide
1401,43,face-station/01.02.18/043_01_000_0_01,eval,bonafide
1402,43,face-station/06.02.18/043_02_000_0_00,eval,bonafide
1403,43,face-station/06.02.18/043_02_000_0_01,eval,bonafide
1404,43,face-station/16.02.18/043_03_000_0_00,eval,bonafide
1405,43,face-station/16.02.18/043_03_000_0_01,eval,bonafide
1415,53,face-station/02.02.18/053_01_000_0_00,eval,bonafide
1416,53,face-station/08.02.18/053_02_000_0_00,eval,bonafide
1417,53,face-station/14.02.18/053_03_000_0_00,eval,bonafide
1430,60,face-station/02.02.18/060_01_000_0_00,eval,bonafide
1431,60,face-station/09.02.18/060_03_000_0_00,eval,bonafide
1432,60,face-station/09.02.18/060_02_000_0_00,eval,bonafide
1434,50,face-station/02.02.18/050_01_000_0_00,eval,bonafide
1441,49,face-station/02.02.18/049_01_000_0_00,eval,bonafide
1442,49,face-station/09.02.18/049_02_000_0_00,eval,bonafide
1443,49,face-station/09.02.18/049_03_000_0_00,eval,bonafide
1448,51,face-station/02.02.18/051_01_000_0_00,eval,bonafide
1449,51,face-station/02.02.18/051_01_000_0_01,eval,bonafide
1450,51,face-station/09.02.18/051_02_000_0_00,eval,bonafide
1451,51,face-station/14.02.18/051_03_000_0_00,eval,bonafide
1622,67,face-station/23.04.18/067_05_000_0_00,eval,bonafide
1623,67,face-station/23.04.18/067_05_000_0_01,eval,bonafide
1624,67,face-station/24.04.18/067_06_000_0_00,eval,bonafide
1625,67,face-station/24.04.18/067_06_000_0_01,eval,bonafide
1626,67,face-station/24.04.18/067_07_000_0_00,eval,bonafide
1627,67,face-station/24.04.18/067_07_000_0_01,eval,bonafide
1896,73,face-station/23.05.18/073_05_000_0_00,eval,bonafide
1897,73,face-station/23.05.18/073_07_000_0_00,eval,bonafide
1898,73,face-station/24.05.18/073_06_000_0_00,eval,bonafide
1899,72,face-station/23.05.18/072_07_000_0_01,eval,bonafide
1900,72,face-station/23.05.18/072_05_000_0_01,eval,bonafide
1901,72,face-station/23.05.18/072_07_000_0_00,eval,bonafide
1902,72,face-station/23.05.18/072_05_000_0_00,eval,bonafide
1903,72,face-station/23.05.18/072_06_000_0_00,eval,bonafide
1904,72,face-station/23.05.18/072_06_000_0_01,eval,bonafide
